{
    "$schema": "https://schema.management.azure.com/schemas/2015-01-01/deploymentParameters.json#",
    "contentVersion": "1.0.0.0",
    "parameters": {
        "location": {
            "value": "westus2"
        },
        "workspaceName": {
            "value": "my-VM"
        },
        "tier": {
            "value": "trial"
        },
        "tagValues": {
            "value": {}
        },
        "managedResourceGroupName": {
            "value": ""
        },
        "enableNoPublicIp": {
            "value": false
        }
    }
}